中国平安,0,平安银行股份有限公司2016年第一季度报告,T1bkYvBCET1RCvBVdK
中国平安,0,平安银行股份有限公司2016年第一季度报告,T1bkYvBCET1RCvBVdK
中国平安,0,平安银行股份有限公司2016年第一季度报告,T1bkYvBCET1RCvBVdK
中国平安,0,平安银行股份有限公司2016年第一季度报告,T1bkYvBCET1RCvBVdK
中国平安,0,平安银行股份有限公司2016年第一季度报告,T1bkYvBCET1RCvBVdK
中国平安,0,平安银行股份有限公司2016年第一季度报告,T1bkYvBCET1RCvBVdK
中国平安,0,平安银行股份有限公司2016年第一季度报告,T1bkYvBCET1RCvBVdK
中国平安,0,平安银行股份有限公司2016年第一季度报告,T1bkYvBCET1RCvBVdK
中国平安,0,平安银行股份有限公司2016年第一季度报告,T1bkYvBCET1RCvBVdK
中国平安,0,平安银行股份有限公司2016年第一季度报告,T1bkYvBCET1RCvBVdK
中国平安,0,平安银行股份有限公司2016年第一季度报告,T1bkYvBCET1RCvBVdK
中国平安,0,平安银行股份有限公司2016年第一季度报告,T1bkYvBCET1RCvBVdK
中国平安,0,平安银行股份有限公司2016年第一季度报告,T1bkYvBCET1RCvBVdK
中国平安,0,平安银行股份有限公司2016年第一季度报告,T1bkYvBCET1RCvBVdK
中国平安,0,平安银行股份有限公司2016年第一季度报告,T1bkYvBCET1RCvBVdK
中国平安,0,平安银行股份有限公司2016年第一季度报告,T1bkYvBCET1RCvBVdK
中国平安,0,平安银行股份有限公司2016年第一季度报告,T1bkYvBCET1RCvBVdK
中国平安,0,平安银行股份有限公司2016年第一季度报告,T1bkYvBCET1RCvBVdK
中国平安,0,平安银行股份有限公司2016年第一季度报告,T1bkYvBCET1RCvBVdK
中国平安,0,平安银行股份有限公司2016年第一季度报告,T1bkYvBCET1RCvBVdK
中国平安,0,平安银行股份有限公司2016年第一季度报告,T1bkYvBCET1RCvBVdK
中国平安,0,平安银行股份有限公司2016年第一季度报告,T1bkYvBCET1RCvBVdK
中国平安,0,平安银行股份有限公司2016年第一季度报告,T1bkYvBCET1RCvBVdK
中国平安,0,平安银行股份有限公司2016年第一季度报告,T1bkYvBCET1RCvBVdK
中国平安,0,平安银行股份有限公司2016年第一季度报告,T1bkYvBCET1RCvBVdK
中国平安,0,平安银行股份有限公司2016年第一季度报告,T1bkYvBCET1RCvBVdK
中国平安,0,平安银行股份有限公司2016年第一季度报告,T1bkYvBCET1RCvBVdK
中国平安,0,平安银行股份有限公司2016年第一季度报告,T1bkYvBCET1RCvBVdK
中国平安,0,平安银行股份有限公司2016年第一季度报告,T1bkYvBCET1RCvBVdK
中国平安,0,平安银行股份有限公司2016年第一季度报告,T1bkYvBCET1RCvBVdK
中国平安,0,平安银行股份有限公司2016年第一季度报告,T1bkYvBCET1RCvBVdK
中国平安,0,平安银行股份有限公司2016年第一季度报告,T1bkYvBCET1RCvBVdK
中国平安,0,平安银行股份有限公司2016年第一季度报告,T1bkYvBCET1RCvBVdK
中国平安,0,平安银行股份有限公司2016年第一季度报告,T1bkYvBCET1RCvBVdK
中国平安,0,平安银行股份有限公司2016年第一季度报告,T1bkYvBCET1RCvBVdK
中国平安,0,平安银行股份有限公司2016年第一季度报告,T1bkYvBCET1RCvBVdK
中国平安,0,平安银行股份有限公司2016年第一季度报告,T1bkYvBCET1RCvBVdK
中国平安,0,平安银行股份有限公司2016年第一季度报告,T1bkYvBCET1RCvBVdK
中国平安,0,平安银行股份有限公司2016年第一季度报告,T1bkYvBCET1RCvBVdK
中国平安,0,平安银行股份有限公司2016年第一季度报告,T1bkYvBCET1RCvBVdK
中国平安,0,平安银行股份有限公司2016年第一季度报告,T1bkYvBCET1RCvBVdK
中国平安,0,平安银行股份有限公司2016年第一季度报告,T1bkYvBCET1RCvBVdK
中国平安,0,平安银行股份有限公司2016年第一季度报告,T1bkYvBCET1RCvBVdK
中国平安,0,平安银行股份有限公司2016年第一季度报告,T1bkYvBCET1RCvBVdK
中国平安,0,平安银行股份有限公司2016年第一季度报告,T1bkYvBCET1RCvBVdK
中国平安,0,平安银行股份有限公司2016年第一季度报告,T1bkYvBCET1RCvBVdK
中国平安,0,平安银行股份有限公司2016年第一季度报告,T1bkYvBCET1RCvBVdK
中国平安,0,平安银行股份有限公司2016年第一季度报告,T1bkYvBCET1RCvBVdK
中国平安,0,平安银行股份有限公司2016年第一季度报告,T1bkYvBCET1RCvBVdK
中国平安,0,平安银行股份有限公司2016年第一季度报告,T1bkYvBCET1RCvBVdK
中国平安,0,平安银行股份有限公司2016年第一季度报告,T1bkYvBCET1RCvBVdK
中国平安,0,平安银行股份有限公司2016年第一季度报告,T1bkYvBCET1RCvBVdK
中国平安,0,平安银行股份有限公司2016年第一季度报告,T1bkYvBCET1RCvBVdK
中国平安,0,平安银行股份有限公司2016年第一季度报告,T1bkYvBCET1RCvBVdK
中国平安,0,平安银行股份有限公司2016年第一季度报告,T1bkYvBCET1RCvBVdK
中国平安,0,平安银行股份有限公司2016年第一季度报告,T1bkYvBCET1RCvBVdK
中国平安,0,平安银行股份有限公司2016年第一季度报告,T1bkYvBCET1RCvBVdK
中国平安,0,平安银行股份有限公司2016年第一季度报告,T1bkYvBCET1RCvBVdK
中国平安,0,平安银行股份有限公司2016年第一季度报告,T1bkYvBCET1RCvBVdK
中国平安,0,平安银行股份有限公司2016年第一季度报告,T1bkYvBCET1RCvBVdK
中国平安,0,平安银行股份有限公司2016年第一季度报告,T1bkYvBCET1RCvBVdK
中国平安,0,平安银行股份有限公司2016年第一季度报告,T1bkYvBCET1RCvBVdK
中国平安,0,平安银行股份有限公司2016年第一季度报告,T1bkYvBCET1RCvBVdK
中国平安,0,平安银行股份有限公司2016年第一季度报告,T1bkYvBCET1RCvBVdK
中国平安,0,平安银行股份有限公司2016年第一季度报告,T1bkYvBCET1RCvBVdK
中国平安,0,平安银行股份有限公司2016年第一季度报告,T1bkYvBCET1RCvBVdK
中国平安,0,平安银行股份有限公司2016年第一季度报告,T1bkYvBCET1RCvBVdK
中国平安,0,平安银行股份有限公司2016年第一季度报告,T1bkYvBCET1RCvBVdK
中国平安,0,平安银行股份有限公司2016年第一季度报告,T1bkYvBCET1RCvBVdK
中国平安,0,平安银行股份有限公司2016年第一季度报告,T1bkYvBCET1RCvBVdK
中国平安,0,平安银行股份有限公司2016年第一季度报告,T1bkYvBCET1RCvBVdK
中国平安,0,平安银行股份有限公司2016年第一季度报告,T1bkYvBCET1RCvBVdK
中国平安,0,平安银行股份有限公司2016年第一季度报告,T1bkYvBCET1RCvBVdK
中国平安,0,平安银行股份有限公司2016年第一季度报告,T1bkYvBCET1RCvBVdK
中国平安,0,平安银行股份有限公司2016年第一季度报告,T1bkYvBCET1RCvBVdK
中国平安,0,平安银行股份有限公司2016年第一季度报告,T1bkYvBCET1RCvBVdK
中国平安,0,平安银行股份有限公司2016年第一季度报告,T1bkYvBCET1RCvBVdK
中国平安,0,平安银行股份有限公司2016年第一季度报告,T1bkYvBCET1RCvBVdK
中国平安,0,平安银行股份有限公司2016年第一季度报告,T1bkYvBCET1RCvBVdK
中国平安,0,平安银行股份有限公司2016年第一季度报告,T1bkYvBCET1RCvBVdK
中国平安,0,平安银行股份有限公司2016年第一季度报告,T1bkYvBCET1RCvBVdK
中国平安,0,平安银行股份有限公司2016年第一季度报告,T1bkYvBCET1RCvBVdK
中国平安,0,平安银行股份有限公司2016年第一季度报告,T1bkYvBCET1RCvBVdK
中国平安,0,平安银行股份有限公司2016年第一季度报告,T1bkYvBCET1RCvBVdK
中国平安,0,平安银行股份有限公司2016年第一季度报告,T1bkYvBCET1RCvBVdK
中国平安,0,平安银行股份有限公司2016年第一季度报告,T1bkYvBCET1RCvBVdK
中国平安,0,平安银行股份有限公司2016年第一季度报告,T1bkYvBCET1RCvBVdK
中国平安,0,平安银行股份有限公司2016年第一季度报告,T1bkYvBCET1RCvBVdK
中国平安,0,平安银行股份有限公司2016年第一季度报告,T1bkYvBCET1RCvBVdK
中国平安,0,平安银行股份有限公司2016年第一季度报告,T1bkYvBCET1RCvBVdK
中国平安,0,平安银行股份有限公司2016年第一季度报告,T1bkYvBCET1RCvBVdK
中国平安,0,平安银行股份有限公司2016年第一季度报告,T1bkYvBCET1RCvBVdK
中国平安,0,平安银行股份有限公司2016年第一季度报告,T1bkYvBCET1RCvBVdK
中国平安,0,平安银行股份有限公司2016年第一季度报告,T1bkYvBCET1RCvBVdK
中国平安,0,平安银行股份有限公司2016年第一季度报告,T1bkYvBCET1RCvBVdK
中国平安,0,平安银行股份有限公司2016年第一季度报告,T1bkYvBCET1RCvBVdK
中国平安,0,平安银行股份有限公司2016年第一季度报告,T1bkYvBCET1RCvBVdK
中国平安,0,平安银行股份有限公司2016年第一季度报告,T1bkYvBCET1RCvBVdK
中国平安,0,平安银行股份有限公司2016年第一季度报告,T1bkYvBCET1RCvBVdK
中国平安,0,平安银行股份有限公司2016年第一季度报告,T1bkYvBCET1RCvBVdK
中国平安,0,平安银行股份有限公司2016年第一季度报告,T1bkYvBCET1RCvBVdK
中国平安,0,平安银行股份有限公司2016年第一季度报告,T1bkYvBCET1RCvBVdK
中国平安,0,平安银行股份有限公司2016年第一季度报告,T1bkYvBCET1RCvBVdK
中国平安,0,平安银行股份有限公司2016年第一季度报告,T1bkYvBCET1RCvBVdK
中国平安,0,平安银行股份有限公司2016年第一季度报告,T1bkYvBCET1RCvBVdK
中国平安,0,平安银行股份有限公司2016年第一季度报告,T1bkYvBCET1RCvBVdK
中国平安,0,平安银行股份有限公司2016年第一季度报告,T1bkYvBCET1RCvBVdK
中国平安,0,平安银行股份有限公司2016年第一季度报告,T1bkYvBCET1RCvBVdK
中国平安,0,平安银行股份有限公司2016年第一季度报告,T1bkYvBCET1RCvBVdK
中国平安,0,平安银行股份有限公司2016年第一季度报告,T1bkYvBCET1RCvBVdK
中国平安,0,平安银行股份有限公司2016年第一季度报告,T1bkYvBCET1RCvBVdK
中国平安,0,平安银行股份有限公司2016年第一季度报告,T1bkYvBCET1RCvBVdK
中国平安,0,平安银行股份有限公司2016年第一季度报告,T1bkYvBCET1RCvBVdK
中国平安,0,平安银行股份有限公司2016年第一季度报告,T1bkYvBCET1RCvBVdK
中国平安,0,平安银行股份有限公司2016年第一季度报告,T1bkYvBCET1RCvBVdK
中国平安,0,平安银行股份有限公司2016年第一季度报告,T1bkYvBCET1RCvBVdK
中国平安,0,平安银行股份有限公司2016年第一季度报告,T1bkYvBCET1RCvBVdK
中国平安,0,平安银行股份有限公司2016年第一季度报告,T1bkYvBCET1RCvBVdK
中国平安,0,平安银行股份有限公司2016年第一季度报告,T1bkYvBCET1RCvBVdK
中国平安,0,平安银行股份有限公司2016年第一季度报告,T1bkYvBCET1RCvBVdK
中国平安,0,平安银行股份有限公司2016年第一季度报告,T1bkYvBCET1RCvBVdK
中国平安,0,平安银行股份有限公司2016年第一季度报告,T1bkYvBCET1RCvBVdK
中国平安,0,平安银行股份有限公司2016年第一季度报告,T1bkYvBCET1RCvBVdK
中国平安,0,平安银行股份有限公司2016年第一季度报告,T1bkYvBCET1RCvBVdK
中国平安,0,平安银行股份有限公司2016年第一季度报告,T1bkYvBCET1RCvBVdK
中国平安,0,平安银行股份有限公司2016年第一季度报告,T1bkYvBCET1RCvBVdK
中国平安,0,平安银行股份有限公司2016年第一季度报告,T1bkYvBCET1RCvBVdK
中国平安,0,平安银行股份有限公司2016年第一季度报告,T1bkYvBCET1RCvBVdK
中国平安,0,平安银行股份有限公司2016年第一季度报告,T1bkYvBCET1RCvBVdK
中国平安,0,平安银行股份有限公司2016年第一季度报告,T1bkYvBCET1RCvBVdK
中国平安,0,平安银行股份有限公司2016年第一季度报告,T1bkYvBCET1RCvBVdK
中国平安,0,平安银行股份有限公司2016年第一季度报告,T1bkYvBCET1RCvBVdK
中国平安,0,平安银行股份有限公司2016年第一季度报告,T1bkYvBCET1RCvBVdK
中国平安,0,平安银行股份有限公司2016年第一季度报告,T1bkYvBCET1RCvBVdK
中国平安,0,平安银行股份有限公司2016年第一季度报告,T1bkYvBCET1RCvBVdK
中国平安,0,平安银行股份有限公司2016年第一季度报告,T1bkYvBCET1RCvBVdK
中国平安,0,平安银行股份有限公司2016年第一季度报告,T1bkYvBCET1RCvBVdK
中国平安,0,平安银行股份有限公司2016年第一季度报告,T1bkYvBCET1RCvBVdK
中国平安,0,平安银行股份有限公司2016年第一季度报告,T1bkYvBCET1RCvBVdK
中国平安,0,平安银行股份有限公司2016年第一季度报告,T1bkYvBCET1RCvBVdK
中国平安,0,平安银行股份有限公司2016年第一季度报告,T1bkYvBCET1RCvBVdK
中国平安,0,平安银行股份有限公司2016年第一季度报告,T1bkYvBCET1RCvBVdK
中国平安,0,平安银行股份有限公司2016年第一季度报告,T1bkYvBCET1RCvBVdK
中国平安,0,平安银行股份有限公司2016年第一季度报告,T1bkYvBCET1RCvBVdK
中国平安,0,平安银行股份有限公司2016年第一季度报告,T1bkYvBCET1RCvBVdK
中国平安,0,平安银行股份有限公司2016年第一季度报告,T1bkYvBCET1RCvBVdK
中国平安,0,平安银行股份有限公司2016年第一季度报告,T1bkYvBCET1RCvBVdK
中国平安,0,平安银行股份有限公司2016年第一季度报告,T1bkYvBCET1RCvBVdK
中国平安,0,平安银行股份有限公司2016年第一季度报告,T1bkYvBCET1RCvBVdK
中国平安,0,平安银行股份有限公司2016年第一季度报告,T1bkYvBCET1RCvBVdK
中国平安,0,平安银行股份有限公司2016年第一季度报告,T1bkYvBCET1RCvBVdK
中国平安,0,平安银行股份有限公司2016年第一季度报告,T1bkYvBCET1RCvBVdK
中国平安,0,平安银行股份有限公司2016年第一季度报告,T1bkYvBCET1RCvBVdK
中国平安,0,平安银行股份有限公司2016年第一季度报告,T1bkYvBCET1RCvBVdK
中国平安,0,平安银行股份有限公司2016年第一季度报告,T1bkYvBCET1RCvBVdK
中国平安,0,平安银行股份有限公司2016年第一季度报告,T1bkYvBCET1RCvBVdK
中国平安,0,平安银行股份有限公司2016年第一季度报告,T1bkYvBCET1RCvBVdK
中国平安,0,平安银行股份有限公司2016年第一季度报告,T1bkYvBCET1RCvBVdK
中国平安,0,平安银行股份有限公司2016年第一季度报告,T1bkYvBCET1RCvBVdK
中国平安,0,平安银行股份有限公司2016年第一季度报告,T1bkYvBCET1RCvBVdK
中国平安,0,平安银行股份有限公司2016年第一季度报告,T1bkYvBCET1RCvBVdK
中国平安,0,平安银行股份有限公司2016年第一季度报告,T1bkYvBCET1RCvBVdK
中国平安,0,平安银行股份有限公司2016年第一季度报告,T1bkYvBCET1RCvBVdK
中国平安,0,平安银行股份有限公司2016年第一季度报告,T1bkYvBCET1RCvBVdK
中国平安,0,平安银行股份有限公司2016年第一季度报告,T1bkYvBCET1RCvBVdK
中国平安,0,平安银行股份有限公司2016年第一季度报告,T1bkYvBCET1RCvBVdK
中国平安,0,平安银行股份有限公司2016年第一季度报告,T1bkYvBCET1RCvBVdK
中国平安,0,平安银行股份有限公司2016年第一季度报告,T1bkYvBCET1RCvBVdK
中国平安,0,平安银行股份有限公司2016年第一季度报告,T1bkYvBCET1RCvBVdK
中国平安,0,平安银行股份有限公司2016年第一季度报告,T1bkYvBCET1RCvBVdK
中国平安,0,平安银行股份有限公司2016年第一季度报告,T1bkYvBCET1RCvBVdK
中国平安,0,平安银行股份有限公司2016年第一季度报告,T1bkYvBCET1RCvBVdK
中国平安,0,平安银行股份有限公司2016年第一季度报告,T1bkYvBCET1RCvBVdK
中国平安,0,平安银行股份有限公司2016年第一季度报告,T1bkYvBCET1RCvBVdK
中国平安,0,平安银行股份有限公司2016年第一季度报告,T1bkYvBCET1RCvBVdK
中国平安,0,平安银行股份有限公司2016年第一季度报告,T1bkYvBCET1RCvBVdK
中国平安,0,平安银行股份有限公司2016年第一季度报告,T1bkYvBCET1RCvBVdK
中国平安,0,平安银行股份有限公司2016年第一季度报告,T1bkYvBCET1RCvBVdK
中国平安,0,平安银行股份有限公司2016年第一季度报告,T1bkYvBCET1RCvBVdK
中国平安,0,平安银行股份有限公司2016年第一季度报告,T1bkYvBCET1RCvBVdK
中国平安,0,平安银行股份有限公司2016年第一季度报告,T1bkYvBCET1RCvBVdK
中国平安,0,平安银行股份有限公司2016年第一季度报告,T1bkYvBCET1RCvBVdK
中国平安,0,平安银行股份有限公司2016年第一季度报告,T1bkYvBCET1RCvBVdK
